Model_name,CDR_CO_rms/1FE8L_3RIFL_3WLWH_1T04B_2BRR.ppk_ideal_0001_CDR_CO_rms:1FE8L_3RIFL_3WLWH_1T04B_2BRR.ppk_ideal_0001,CDR_CO_rms/1REIA_1OTSF_2Y6SD_3HR5B_2BRR.ppk_ideal_0001_CDR_CO_rms:1REIA_1OTSF_2Y6SD_3HR5B_2BRR.ppk_ideal_0001,CDR_CO_rms/4DKEM_4NRYL_2EXYC_2WUBR_2BRR.ppk_ideal_0001_CDR_CO_rms:4DKEM_4NRYL_2EXYC_2WUBR_2BRR.ppk_ideal_0001,CDR_CO_rms/3OR7B_3HR5L_1RZKH_1G7IB_2BRR.ppk_ideal_0001_CDR_CO_rms:3OR7B_3HR5L_1RZKH_1G7IB_2BRR.ppk_ideal_0001,CDR_CO_rms/2Q1EB_1TQBC_1N7ML_3V52H_2BRR.ppk_ideal_0001_CDR_CO_rms:2Q1EB_1TQBC_1N7ML_3V52H_2BRR.ppk_ideal_0001,CDR_CO_rms/1PG7L_3L5XL_3UYRH_1G7IB_2BRR.ppk_ideal_0001_CDR_CO_rms:1PG7L_3L5XL_3UYRH_1G7IB_2BRR.ppk_ideal_0001,CDR_CO_rms/3ESVF_1RZIM_2NZ9F_1UZ6W_2BRR.ppk_ideal_0001_CDR_CO_rms:3ESVF_1RZIM_2NZ9F_1UZ6W_2BRR.ppk_ideal_0001,CDR_CO_rms/3B2UL_1G7LA_3NIFE_3IU3H_2BRR.ppk_ideal_0001_CDR_CO_rms:3B2UL_1G7LA_3NIFE_3IU3H_2BRR.ppk_ideal_0001,CDR_CO_rms/1G7HA_3IDMA_1SEQH_3ZKNC_2BRR.ppk_ideal_0001_CDR_CO_rms:1G7HA_3IDMA_1SEQH_3ZKNC_2BRR.ppk_ideal_0001,CDR_CO_rms/4HFWL_4HXAL_4LLVA_1KELH_2BRR.ppk_ideal_0001_CDR_CO_rms:4HFWL_4HXAL_4LLVA_1KELH_2BRR.ppk_ideal_0001,CDR_CO_rms/1FN4C_3RHWK_3ULVH_1UWGY_2BRR.ppk_ideal_0001_CDR_CO_rms:1FN4C_3RHWK_3ULVH_1UWGY_2BRR.ppk_ideal_0001,CDR_CO_rms/3R1GL_4K07H_1UZ8H_1FL6H_2BRR.ppk_ideal_0001_CDR_CO_rms:3R1GL_4K07H_1UZ8H_1FL6H_2BRR.ppk_ideal_0001,CDR_CO_rms/1N6QL_1DN0A_3BGFH_1QFWH_2BRR.ppk_ideal_0001_CDR_CO_rms:1N6QL_1DN0A_3BGFH_1QFWH_2BRR.ppk_ideal_0001,CDR_CO_rms/2QQLL_2VQ1A_4OCXH_1AXSB_2BRR.ppk_ideal_0001_CDR_CO_rms:2QQLL_2VQ1A_4OCXH_1AXSB_2BRR.ppk_ideal_0001,CDR_CO_rms/4NHGL_1QNZL_1RURH_4NHGM_2BRR.ppk_ideal_0001_CDR_CO_rms:4NHGL_1QNZL_1RURH_4NHGM_2BRR.ppk_ideal_0001,CDR_CO_rms/3R08L_1QLRC_2P4AB_1KIQB_2BRR.ppk_ideal_0001_CDR_CO_rms:3R08L_1QLRC_2P4AB_1KIQB_2BRR.ppk_ideal_0001,CDR_CO_rms/1A7PL_4NWUL_3O6MH_1QFWH_2BRR.ppk_ideal_0001_CDR_CO_rms:1A7PL_4NWUL_3O6MH_1QFWH_2BRR.ppk_ideal_0001,CDR_CO_rms/4GMTM_3ULUL_3V6FA_1I7ZB_2BRR.ppk_ideal_0001_CDR_CO_rms:4GMTM_3ULUL_3V6FA_1I7ZB_2BRR.ppk_ideal_0001,CDR_CO_rms/1NGXA_12E8L_1ZA3H_4NIKB_2BRR.ppk_ideal_0001_CDR_CO_rms:1NGXA_12E8L_1ZA3H_4NIKB_2BRR.ppk_ideal_0001,CDR_CO_rms/2FJFG_3KYMI_4C83C_4NHHM_2BRR.ppk_ideal_0001_CDR_CO_rms:2FJFG_3KYMI_4C83C_4NHHM_2BRR.ppk_ideal_0001,CDR_CO_rms/2DTGD_4CKDL_3BN9F_4NHGE_2BRR.ppk_ideal_0001_CDR_CO_rms:2DTGD_4CKDL_3BN9F_4NHGE_2BRR.ppk_ideal_0001,CDR_CO_rms/4LF3A_1IGJC_3KYMB_4NIKB_2BRR.ppk_ideal_0001_CDR_CO_rms:4LF3A_1IGJC_3KYMB_4NIKB_2BRR.ppk_ideal_0001,CDR_CO_rms/1FVEC_2XZQL_2CGRH_4AM0A_2BRR.ppk_ideal_0001_CDR_CO_rms:1FVEC_2XZQL_2CGRH_4AM0A_2BRR.ppk_ideal_0001,CDR_CO_rms/2ITCB_3CFEA_1OM3H_4O51D_2BRR.ppk_ideal_0001_CDR_CO_rms:2ITCB_3CFEA_1OM3H_4O51D_2BRR.ppk_ideal_0001
Energy,-528.766,-527.008,-523.21,-522.859,-522.437,-522.3380000000001,-520.64,-520.154,-520.026,-520.024,-519.4590000000001,-518.979,-518.9680000000001,-518.362,-518.091,-517.859,-516.877,-516.759,-516.4259999999999,-516.18,-516.043,-515.685,-515.6669999999999,-515.63
whole_vl_vh,1.3559999999999999,1.6019999999999999,1.307,1.5019999999999998,1.5630000000000002,1.463,1.391,1.4040000000000001,1.315,1.294,1.22,1.403,1.32,1.318,1.455,1.304,1.19,1.22,1.574,1.262,1.4269999999999998,1.3880000000000001,1.364,1.381
L1,0.493,0.765,0.7709999999999999,0.745,0.5589999999999999,0.769,0.687,0.735,0.622,0.537,0.779,0.7609999999999999,0.764,0.705,0.727,0.742,0.737,0.742,0.893,0.745,0.779,0.7559999999999999,0.723,0.44299999999999995
L2,0.311,0.22699999999999998,0.451,0.405,1.208,0.267,0.248,0.359,0.331,1.206,0.37,0.5539999999999999,0.355,0.36,0.466,0.18899999999999997,0.318,0.285,0.504,0.215,0.507,0.308,0.513,0.297
L3,0.397,0.45299999999999996,0.474,0.376,0.6459999999999999,0.496,0.523,0.45899999999999996,0.442,0.484,0.434,0.423,0.42200000000000004,0.42200000000000004,0.627,0.46299999999999997,0.485,0.40399999999999997,0.478,0.462,0.518,0.607,0.34,0.40399999999999997
H1,0.37799999999999995,0.682,0.36200000000000004,0.345,0.703,0.685,0.33399999999999996,0.773,0.344,0.444,0.635,0.737,0.406,0.37799999999999995,0.711,0.574,0.6859999999999999,0.405,0.705,0.321,0.667,0.355,0.353,0.731
H2,0.515,0.573,0.512,0.564,0.58,0.561,0.74,0.562,0.715,0.495,0.515,0.562,0.7340000000000001,0.49200000000000005,0.544,0.586,0.57,0.52,0.59,0.586,0.589,0.7090000000000001,0.748,0.581
H3,1.19,0.7020000000000001,0.695,0.532,0.62,0.622,0.573,0.6809999999999999,0.845,0.691,0.718,0.726,0.6579999999999999,0.727,0.5870000000000001,0.9,0.546,0.652,0.733,0.741,0.794,0.693,0.669,0.687
tilt,151.942,152.122,151.925,152.512,152.221,152.143,152.002,151.71200000000002,151.917,151.91899999999998,152.381,152.0,151.64,152.158,152.216,152.311,152.299,152.083,150.372,152.099,151.92600000000002,152.417,151.847,152.47
